Genre,Percentage
Pop,0.24242424242424243
Rap,0.21212121212121213
R&B,0.12121212121212122
Country,0.30303030303030304
Latino,0.12121212121212122
